Year,"Country of Asylum","Country of Origin","Country of Asylum ISO","Country of Origin ISO",Refugees,Asylum-seekers,IDPs,"Other people in need of international protection","Stateless persons","Host community","Others of concern"
2000,-,Algeria,-,DZA,8015,2320,0,0,0,0,0
2001,-,Algeria,-,DZA,8399,2746,0,0,0,0,0
2002,-,Algeria,-,DZA,12088,2374,0,0,0,0,0
2003,-,Algeria,-,DZA,11651,1910,0,0,0,0,0
2004,-,Algeria,-,DZA,10650,1335,0,0,0,0,0
2005,-,Algeria,-,DZA,12024,1381,0,0,0,0,0
2006,-,Algeria,-,DZA,8338,1531,0,0,0,0,0
2007,-,Algeria,-,DZA,10599,1340,0,0,0,0,0
2008,-,Algeria,-,DZA,9044,1522,0,0,0,0,0
2009,-,Algeria,-,DZA,8168,1537,0,0,0,0,0
2010,-,Algeria,-,DZA,6665,1714,0,0,0,0,0
2011,-,Algeria,-,DZA,6093,2183,0,0,0,0,0
2012,-,Algeria,-,DZA,5657,2463,0,0,0,0,0
2013,-,Algeria,-,DZA,3643,4286,0,0,0,0,10
2014,-,Algeria,-,DZA,3509,5127,0,0,0,0,12
2015,-,Algeria,-,DZA,3470,7622,0,0,0,0,12
2016,-,Algeria,-,DZA,3705,7177,0,0,0,0,7
2017,-,Algeria,-,DZA,4021,6432,0,0,0,0,7
2018,-,Algeria,-,DZA,4181,7447,0,0,0,0,11
2019,-,Algeria,-,DZA,4514,7703,0,0,0,0,107
2020,-,Algeria,-,DZA,4571,7779,0,0,0,0,96
2021,-,Algeria,-,DZA,6003,6871,0,0,0,0,33
2024,-,Algeria,-,DZA,8800,13598,0,0,0,0,53
2025,-,Algeria,-,DZA,8491,13209,0,0,0,0,206
2023,-,Algeria,-,DZA,7629,11330,0,0,0,0,48
2022,-,Algeria,-,DZA,7734,8923,0,0,0,0,107
2000,-,Egypt,-,EGY,3954,1151,0,0,0,0,0
2001,-,Egypt,-,EGY,4677,1442,0,0,0,0,0
2002,-,Egypt,-,EGY,6442,1825,0,0,0,0,0
2003,-,Egypt,-,EGY,5734,2019,0,0,0,0,0
2004,-,Egypt,-,EGY,5361,2242,0,0,0,0,0
2005,-,Egypt,-,EGY,6288,2327,0,0,0,0,0
2006,-,Egypt,-,EGY,7608,1675,0,0,0,0,0
2007,-,Egypt,-,EGY,6789,1614,0,0,0,0,0
2008,-,Egypt,-,EGY,6777,1803,0,0,0,0,0
2009,-,Egypt,-,EGY,6983,1626,0,0,0,0,0
2010,-,Egypt,-,EGY,6903,1571,0,0,0,0,0
2011,-,Egypt,-,EGY,7922,2613,0,0,0,0,0
2012,-,Egypt,-,EGY,10014,4118,0,0,0,0,0
2013,-,Egypt,-,EGY,12804,9478,0,0,0,0,0
2014,-,Egypt,-,EGY,15899,10816,0,0,0,0,42
2015,-,Egypt,-,EGY,17929,12142,0,0,0,0,78
2016,-,Egypt,-,EGY,19792,13026,0,0,0,0,111
2017,-,Egypt,-,EGY,22106,14588,0,0,0,0,41
2018,-,Egypt,-,EGY,24850,16760,0,0,0,0,47
2019,-,Egypt,-,EGY,27416,16627,0,0,0,0,349
2020,-,Egypt,-,EGY,26553,16313,0,0,0,0,88
2021,-,Egypt,-,EGY,27498,21016,0,0,0,0,82
2024,-,Egypt,-,EGY,23736,55917,0,0,0,0,329
2025,-,Egypt,-,EGY,24155,56392,0,0,0,0,1582
2023,-,Egypt,-,EGY,23160,46356,0,0,0,0,273
2022,-,Egypt,-,EGY,24390,27834,0,0,0,0,162
2000,-,Bahrain,-,BHR,92,51,0,0,0,0,0
2001,-,Bahrain,-,BHR,46,5,0,0,0,0,0
2002,-,Bahrain,-,BHR,49,5,0,0,0,0,0
2003,-,Bahrain,-,BHR,50,5,0,0,0,0,0
2004,-,Bahrain,-,BHR,52,18,0,0,0,0,0
2005,-,Bahrain,-,BHR,40,22,0,0,0,0,0
2006,-,Bahrain,-,BHR,56,14,0,0,0,0,0
2007,-,Bahrain,-,BHR,65,16,0,0,0,0,0
2008,-,Bahrain,-,BHR,72,10,0,0,0,0,0
2009,-,Bahrain,-,BHR,72,0,0,0,0,0,0
2010,-,Bahrain,-,BHR,81,24,0,0,0,0,0
2011,-,Bahrain,-,BHR,213,72,0,0,0,0,0
2012,-,Bahrain,-,BHR,294,103,0,0,0,0,0
2013,-,Bahrain,-,BHR,274,89,0,0,0,0,7
2014,-,Bahrain,-,BHR,344,98,0,0,0,0,7
2015,-,Bahrain,-,BHR,422,81,0,0,0,0,0
2016,-,Bahrain,-,BHR,461,118,0,0,0,0,0
2017,-,Bahrain,-,BHR,497,172,0,0,0,0,0
2018,-,Bahrain,-,BHR,540,136,0,0,0,0,0
2019,-,Bahrain,-,BHR,557,156,0,0,0,0,0
2020,-,Bahrain,-,BHR,534,118,0,0,0,0,0
2021,-,Bahrain,-,BHR,416,137,0,0,0,0,0
2024,-,Bahrain,-,BHR,289,325,0,0,0,0,0
2025,-,Bahrain,-,BHR,269,203,0,0,0,0,0
2023,-,Bahrain,-,BHR,304,207,0,0,0,0,0
2022,-,Bahrain,-,BHR,312,158,0,0,0,0,0
2000,-,"Iran (Islamic Rep. of)",-,IRN,88266,20622,0,0,0,0,0
2001,-,"Iran (Islamic Rep. of)",-,IRN,92490,14138,0,0,0,0,0
2002,-,"Iran (Islamic Rep. of)",-,IRN,138362,13180,0,0,0,0,0
2003,-,"Iran (Islamic Rep. of)",-,IRN,122530,11359,0,0,0,0,0
2004,-,"Iran (Islamic Rep. of)",-,IRN,115171,9519,0,0,0,0,0
2005,-,"Iran (Islamic Rep. of)",-,IRN,99430,12879,0,0,0,0,0
2006,-,"Iran (Islamic Rep. of)",-,IRN,102479,13707,0,0,0,0,0
2007,-,"Iran (Islamic Rep. of)",-,IRN,68398,10374,0,0,0,0,0
2008,-,"Iran (Islamic Rep. of)",-,IRN,69051,11148,0,0,0,0,0
2009,-,"Iran (Islamic Rep. of)",-,IRN,72771,13734,0,0,0,0,0
2010,-,"Iran (Islamic Rep. of)",-,IRN,68785,16055,0,0,0,0,0
2011,-,"Iran (Islamic Rep. of)",-,IRN,72366,18450,0,0,0,0,0
2012,-,"Iran (Islamic Rep. of)",-,IRN,75932,24043,0,0,0,0,0
2013,-,"Iran (Islamic Rep. of)",-,IRN,75061,28780,0,0,0,0,28
2014,-,"Iran (Islamic Rep. of)",-,IRN,82202,34884,0,0,0,0,25
2015,-,"Iran (Islamic Rep. of)",-,IRN,84950,57081,0,0,0,0,8
2016,-,"Iran (Islamic Rep. of)",-,IRN,94102,87535,0,0,0,0,273
2017,-,"Iran (Islamic Rep. of)",-,IRN,118639,75079,0,0,0,0,2729
2018,-,"Iran (Islamic Rep. of)",-,IRN,129941,87367,0,0,0,0,87
2019,-,"Iran (Islamic Rep. of)",-,IRN,128998,86093,0,0,0,0,405
2020,-,"Iran (Islamic Rep. of)",-,IRN,135018,77229,0,0,0,0,532
2021,-,"Iran (Islamic Rep. of)",-,IRN,142994,68940,0,0,0,0,287
2024,-,"Iran (Islamic Rep. of)",-,IRN,158171,61176,0,0,0,0,88
2025,-,"Iran (Islamic Rep. of)",-,IRN,159882,54389,0,0,0,0,263
2023,-,"Iran (Islamic Rep. of)",-,IRN,151757,63959,0,0,0,0,79
2022,-,"Iran (Islamic Rep. of)",-,IRN,122764,69237,0,0,0,0,58
2000,-,Iraq,-,IRQ,526165,40630,0,0,0,0,13000
2001,-,Iraq,-,IRQ,530508,34826,0,0,0,0,13000
2002,-,Iraq,-,IRQ,422504,29641,0,0,0,0,13000
2003,-,Iraq,-,IRQ,368577,31591,0,0,0,0,18476
2004,-,Iraq,-,IRQ,311889,30619,0,0,0,0,16139
2005,-,Iraq,-,IRQ,262302,34438,1200000,0,0,0,16273
2006,-,Iraq,-,IRQ,1450908,47294,1834368,0,0,0,16123
2007,-,Iraq,-,IRQ,2309246,27667,2385865,0,0,0,20
2008,-,Iraq,-,IRQ,1903516,25654,2647251,0,0,0,7768
2009,-,Iraq,-,IRQ,1785215,22372,1552003,0,0,0,6704
2010,-,Iraq,-,IRQ,1683576,29939,1343568,0,0,0,6709
2011,-,Iraq,-,IRQ,1428306,24485,1332382,0,0,0,7213
2012,-,Iraq,-,IRQ,746204,24239,1131810,0,0,0,0
2013,-,Iraq,-,IRQ,401461,43145,954128,0,0,0,17
2014,-,Iraq,-,IRQ,369960,103724,3596356,0,0,0,3307
2015,-,Iraq,-,IRQ,264086,237168,4403287,0,0,0,3598
2016,-,Iraq,-,IRQ,316056,278367,3604285,0,0,0,15778
2017,-,Iraq,-,IRQ,362536,272627,2615988,0,0,0,11227
2018,-,Iraq,-,IRQ,372332,256716,1802832,0,0,0,7901
2019,-,Iraq,-,IRQ,336274,302731,1414632,0,0,0,31760
2020,-,Iraq,-,IRQ,333200,272567,1224108,0,0,0,31258
2021,-,Iraq,-,IRQ,343899,254454,1186556,0,0,0,30456
2024,-,Iraq,-,IRQ,305504,151623,1031475,0,0,0,19944
2025,-,Iraq,-,IRQ,292822,126429,1031475,0,0,0,9319
2023,-,Iraq,-,IRQ,329032,192202,1123663,0,0,0,2032
2022,-,Iraq,-,IRQ,287446,228961,1168619,0,0,0,28805
2000,-,Israel,-,ISR,414,362,0,0,0,0,0
2001,-,Israel,-,ISR,361,609,0,0,0,0,0
2002,-,Israel,-,ISR,561,1023,0,0,0,0,0
2003,-,Israel,-,ISR,626,944,0,0,0,0,0
2004,-,Israel,-,ISR,669,760,0,0,0,0,0
2005,-,Israel,-,ISR,624,620,0,0,0,0,0
2006,-,Israel,-,ISR,876,939,0,0,0,0,0
2007,-,Israel,-,ISR,1539,946,0,0,0,0,0
2008,-,Israel,-,ISR,1486,1037,0,0,0,0,0
2009,-,Israel,-,ISR,1298,1054,0,0,0,0,0
2010,-,Israel,-,ISR,1290,792,0,0,0,0,0
2011,-,Israel,-,ISR,1323,507,0,0,0,0,0
2012,-,Israel,-,ISR,1326,416,0,0,0,0,0
2013,-,Israel,-,ISR,1026,289,0,0,0,0,0
2014,-,Israel,-,ISR,967,282,0,0,0,0,0
2015,-,Israel,-,ISR,787,379,0,0,0,0,0
2016,-,Israel,-,ISR,487,548,0,0,0,0,0
2017,-,Israel,-,ISR,469,691,0,0,0,0,0
2018,-,Israel,-,ISR,492,683,0,0,0,0,0
2019,-,Israel,-,ISR,452,690,0,0,0,0,0
2020,-,Israel,-,ISR,373,663,0,0,0,0,0
2021,-,Israel,-,ISR,453,807,0,0,0,0,0
2024,-,Israel,-,ISR,1307,1659,0,0,0,0,0
2025,-,Israel,-,ISR,1271,1552,0,0,0,0,20
2023,-,Israel,-,ISR,855,1232,0,0,0,0,0
2022,-,Israel,-,ISR,902,813,0,0,0,0,0
2000,-,Jordan,-,JOR,915,551,0,0,0,0,0
2001,-,Jordan,-,JOR,773,557,0,0,0,0,0
2002,-,Jordan,-,JOR,1280,723,0,0,0,0,0
2003,-,Jordan,-,JOR,1149,717,0,0,0,0,0
2004,-,Jordan,-,JOR,1158,703,0,0,0,0,0
2005,-,Jordan,-,JOR,1778,663,0,0,0,0,0
2006,-,Jordan,-,JOR,1592,758,0,0,0,0,0
2007,-,Jordan,-,JOR,1777,730,0,0,0,0,0
2008,-,Jordan,-,JOR,1882,743,0,0,0,0,0
2009,-,Jordan,-,JOR,2109,757,0,0,0,0,0
2010,-,Jordan,-,JOR,2248,610,0,0,0,0,0
2011,-,Jordan,-,JOR,2242,532,0,0,0,0,0
2012,-,Jordan,-,JOR,2363,622,0,0,0,0,0
2013,-,Jordan,-,JOR,1622,927,0,0,0,0,74
2014,-,Jordan,-,JOR,1711,1293,0,0,0,0,102
2015,-,Jordan,-,JOR,1836,1829,0,0,0,0,92
2016,-,Jordan,-,JOR,1919,2433,0,0,0,0,131
2017,-,Jordan,-,JOR,2119,3467,0,0,0,0,60
2018,-,Jordan,-,JOR,2430,4119,0,0,0,0,1431
2019,-,Jordan,-,JOR,2308,4722,0,0,0,0,1954
2020,-,Jordan,-,JOR,2486,4984,0,0,0,0,836
2021,-,Jordan,-,JOR,2981,5795,0,0,0,0,873
2024,-,Jordan,-,JOR,4990,14273,0,0,0,0,1219
2025,-,Jordan,-,JOR,5066,13433,0,0,0,0,962
2023,-,Jordan,-,JOR,3978,8207,0,0,0,0,1267
2022,-,Jordan,-,JOR,3550,5667,0,0,0,0,1293
2000,-,Kuwait,-,KWT,688,98,0,0,0,0,0
2001,-,Kuwait,-,KWT,696,146,0,0,0,0,0
2002,-,Kuwait,-,KWT,705,116,0,0,0,0,0
2003,-,Kuwait,-,KWT,615,104,0,0,0,0,0
2004,-,Kuwait,-,KWT,391,89,0,0,0,0,0
2005,-,Kuwait,-,KWT,374,65,0,0,0,0,0
2006,-,Kuwait,-,KWT,610,123,0,0,0,0,0
2007,-,Kuwait,-,KWT,741,104,0,0,0,0,0
2008,-,Kuwait,-,KWT,847,61,0,0,0,0,0
2009,-,Kuwait,-,KWT,936,56,0,0,0,0,0
2010,-,Kuwait,-,KWT,986,81,0,0,0,0,0
2011,-,Kuwait,-,KWT,1112,164,0,0,0,0,0
2012,-,Kuwait,-,KWT,1189,135,0,0,0,0,0
2013,-,Kuwait,-,KWT,971,173,0,0,0,0,0
2014,-,Kuwait,-,KWT,974,260,0,0,0,0,0
2015,-,Kuwait,-,KWT,1076,431,0,0,0,0,0
2016,-,Kuwait,-,KWT,1013,650,0,0,0,0,0
2017,-,Kuwait,-,KWT,1097,951,0,0,0,0,5
2018,-,Kuwait,-,KWT,1251,1220,0,0,0,0,0
2019,-,Kuwait,-,KWT,1300,1402,0,0,0,0,10
2020,-,Kuwait,-,KWT,1422,1415,0,0,0,0,15
2021,-,Kuwait,-,KWT,1702,1857,0,0,0,0,5
2024,-,Kuwait,-,KWT,3019,3662,0,0,0,0,10
2025,-,Kuwait,-,KWT,3399,3137,0,0,0,0,75
2023,-,Kuwait,-,KWT,2276,2458,0,0,0,0,10
2022,-,Kuwait,-,KWT,1981,2898,0,0,0,0,5
2000,-,Libya,-,LBY,603,531,0,0,0,0,0
2001,-,Libya,-,LBY,877,484,0,0,0,0,0
2002,-,Libya,-,LBY,1443,922,0,0,0,0,0
2003,-,Libya,-,LBY,1553,898,0,0,0,0,0
2004,-,Libya,-,LBY,1696,811,0,0,0,0,0
2005,-,Libya,-,LBY,1556,763,0,0,0,0,0
2006,-,Libya,-,LBY,1557,657,0,0,0,0,0
2007,-,Libya,-,LBY,1939,613,0,0,0,0,0
2008,-,Libya,-,LBY,2068,753,0,0,0,0,0
2009,-,Libya,-,LBY,2189,636,0,0,0,0,0
2010,-,Libya,-,LBY,2297,558,0,0,0,0,0
2011,-,Libya,-,LBY,4372,1954,93565,0,0,0,0
2012,-,Libya,-,LBY,5233,1894,59425,0,0,0,0
2013,-,Libya,-,LBY,3298,2068,53579,0,0,0,5
2014,-,Libya,-,LBY,4187,3886,363067,0,0,0,5
2015,-,Libya,-,LBY,6077,6042,434869,0,0,0,5
2016,-,Libya,-,LBY,8831,6521,174510,0,0,0,10
2017,-,Libya,-,LBY,11205,6842,180937,0,0,0,5
2018,-,Libya,-,LBY,13868,6786,170491,0,0,0,8
2019,-,Libya,-,LBY,16033,5986,355672,0,0,0,42
2020,-,Libya,-,LBY,17523,5440,278177,0,0,0,83
2021,-,Libya,-,LBY,19090,5717,179047,0,0,0,50
2024,-,Libya,-,LBY,17235,6358,32791,0,0,0,10
2025,-,Libya,-,LBY,17524,5871,32791,0,0,0,34
2023,-,Libya,-,LBY,17958,6054,125802,0,0,0,28
2022,-,Libya,-,LBY,17811,6076,161613,0,0,0,28
2000,-,Lebanon,-,LBN,10208,1538,0,0,0,0,0
2001,-,Lebanon,-,LBN,8754,1887,0,0,0,0,0
2002,-,Lebanon,-,LBN,26313,2364,0,0,0,0,0
2003,-,Lebanon,-,LBN,24929,2129,0,0,0,0,0
2004,-,Lebanon,-,LBN,19854,1610,0,0,0,0,0
2005,-,Lebanon,-,LBN,18325,2004,0,0,0,0,11
2006,-,Lebanon,-,LBN,12249,3160,200000,0,0,0,0
2007,-,Lebanon,-,LBN,13089,2560,70000,0,0,0,0
2008,-,Lebanon,-,LBN,12966,2276,0,0,0,0,0
2009,-,Lebanon,-,LBN,16250,1755,0,0,0,0,0
2010,-,Lebanon,-,LBN,15864,1518,0,0,0,0,0
2011,-,Lebanon,-,LBN,15004,1384,0,0,0,0,0
2012,-,Lebanon,-,LBN,15100,1976,0,0,0,0,0
2013,-,Lebanon,-,LBN,3809,2730,0,0,0,0,0
2014,-,Lebanon,-,LBN,4262,3833,0,0,0,0,0
2015,-,Lebanon,-,LBN,4353,5985,0,0,0,0,0
2016,-,Lebanon,-,LBN,4719,8484,0,0,0,0,0
2017,-,Lebanon,-,LBN,5301,9285,0,0,0,0,0
2018,-,Lebanon,-,LBN,5620,8058,0,0,0,0,14
2019,-,Lebanon,-,LBN,5647,8032,0,0,0,0,5030
2020,-,Lebanon,-,LBN,5495,7964,0,0,0,0,4746
2021,-,Lebanon,-,LBN,6061,8873,0,0,0,0,11663
2024,-,Lebanon,-,LBN,9534,12125,123774,0,0,0,25883
2025,-,Lebanon,-,LBN,9319,11447,82632,0,0,0,26274
2023,-,Lebanon,-,LBN,7392,9793,0,0,0,0,23915
2022,-,Lebanon,-,LBN,6794,10289,0,0,0,0,18671
2000,-,Morocco,-,MAR,394,183,0,0,0,0,0
2001,-,Morocco,-,MAR,357,270,0,0,0,0,0
2002,-,Morocco,-,MAR,1266,294,0,0,0,0,0
2003,-,Morocco,-,MAR,1291,263,0,0,0,0,0
2004,-,Morocco,-,MAR,1313,251,0,0,0,0,0
2005,-,Morocco,-,MAR,2914,449,0,0,0,0,0
2006,-,Morocco,-,MAR,4699,582,0,0,0,0,0
2007,-,Morocco,-,MAR,4036,463,0,0,0,0,0
2008,-,Morocco,-,MAR,3520,526,0,0,0,0,0
2009,-,Morocco,-,MAR,2277,603,0,0,0,0,0
2010,-,Morocco,-,MAR,2276,832,0,0,0,0,0
2011,-,Morocco,-,MAR,2305,1134,0,0,0,0,0
2012,-,Morocco,-,MAR,2394,1759,0,0,0,0,0
2013,-,Morocco,-,MAR,1290,2864,0,0,0,0,15
2014,-,Morocco,-,MAR,1523,3221,0,0,0,0,13
2015,-,Morocco,-,MAR,1760,5575,0,0,0,0,11
2016,-,Morocco,-,MAR,2240,7251,0,0,0,0,9
2017,-,Morocco,-,MAR,3089,6853,0,0,0,0,15
2018,-,Morocco,-,MAR,3873,8163,0,0,0,0,20
2019,-,Morocco,-,MAR,4642,8322,0,0,0,0,260
2020,-,Morocco,-,MAR,4467,8239,0,0,0,0,402
2021,-,Morocco,-,MAR,5385,12632,0,0,0,0,99
2024,-,Morocco,-,MAR,10609,20302,0,0,0,0,231
2025,-,Morocco,-,MAR,11049,20598,0,0,0,0,1064
2023,-,Morocco,-,MAR,8827,17328,0,0,0,0,880
2022,-,Morocco,-,MAR,10435,18121,0,0,0,0,1369
2000,-,Oman,-,OMN,5,6,0,0,0,0,0
2001,-,Oman,-,OMN,5,5,0,0,0,0,0
2002,-,Oman,-,OMN,19,5,0,0,0,0,0
2003,-,Oman,-,OMN,5,0,0,0,0,0,0
2004,-,Oman,-,OMN,16,0,0,0,0,0,0
2005,-,Oman,-,OMN,10,0,0,0,0,0,0
2006,-,Oman,-,OMN,37,0,0,0,0,0,0
2007,-,Oman,-,OMN,44,5,0,0,0,0,0
2008,-,Oman,-,OMN,55,0,0,0,0,0,0
2009,-,Oman,-,OMN,63,5,0,0,0,0,0
2010,-,Oman,-,OMN,62,6,0,0,0,0,0
2011,-,Oman,-,OMN,58,0,0,0,0,0,0
2012,-,Oman,-,OMN,62,0,0,0,0,0,0
2013,-,Oman,-,OMN,20,0,0,0,0,0,0
2014,-,Oman,-,OMN,25,9,0,0,0,0,0
2015,-,Oman,-,OMN,36,16,0,0,0,0,0
2016,-,Oman,-,OMN,35,24,0,0,0,0,0
2017,-,Oman,-,OMN,39,22,0,0,0,0,0
2018,-,Oman,-,OMN,42,28,0,0,0,0,0
2019,-,Oman,-,OMN,42,59,0,0,0,0,0
2020,-,Oman,-,OMN,47,70,0,0,0,0,0
2021,-,Oman,-,OMN,53,71,0,0,0,0,0
2024,-,Oman,-,OMN,118,91,0,0,0,0,0
2025,-,Oman,-,OMN,134,77,0,0,0,0,0
2023,-,Oman,-,OMN,95,82,0,0,0,0,0
2022,-,Oman,-,OMN,59,99,0,0,0,0,0
2000,-,Qatar,-,QAT,0,31,0,0,0,0,0
2001,-,Qatar,-,QAT,0,29,0,0,0,0,0
2002,-,Qatar,-,QAT,10,30,0,0,0,0,0
2003,-,Qatar,-,QAT,14,14,0,0,0,0,0
2004,-,Qatar,-,QAT,10,0,0,0,0,0,0
2005,-,Qatar,-,QAT,6,5,0,0,0,0,0
2006,-,Qatar,-,QAT,48,5,0,0,0,0,0
2007,-,Qatar,-,QAT,57,0,0,0,0,0,0
2008,-,Qatar,-,QAT,69,0,0,0,0,0,0
2009,-,Qatar,-,QAT,66,5,0,0,0,0,0
2010,-,Qatar,-,QAT,109,7,0,0,0,0,0
2011,-,Qatar,-,QAT,93,7,0,0,0,0,0
2012,-,Qatar,-,QAT,123,5,0,0,0,0,0
2013,-,Qatar,-,QAT,15,0,0,0,0,0,0
2014,-,Qatar,-,QAT,23,5,0,0,0,0,0
2015,-,Qatar,-,QAT,21,12,0,0,0,0,0
2016,-,Qatar,-,QAT,25,23,0,0,0,0,0
2017,-,Qatar,-,QAT,31,39,0,0,0,0,0
2018,-,Qatar,-,QAT,30,33,0,0,0,0,0
2019,-,Qatar,-,QAT,36,36,0,0,0,0,0
2020,-,Qatar,-,QAT,33,38,0,0,0,0,0
2021,-,Qatar,-,QAT,47,35,0,0,0,0,0
2024,-,Qatar,-,QAT,65,55,0,0,0,0,0
2025,-,Qatar,-,QAT,67,54,0,0,0,0,0
2023,-,Qatar,-,QAT,58,58,0,0,0,0,0
2022,-,Qatar,-,QAT,40,128,0,0,0,0,0
2000,-,"Saudi Arabia",-,SAU,77,41,0,0,0,0,0
2001,-,"Saudi Arabia",-,SAU,29,147,0,0,0,0,0
2002,-,"Saudi Arabia",-,SAU,104,105,0,0,0,0,0
2003,-,"Saudi Arabia",-,SAU,232,99,0,0,0,0,0
2004,-,"Saudi Arabia",-,SAU,212,83,0,0,0,0,0
2005,-,"Saudi Arabia",-,SAU,146,65,0,0,0,0,0
2006,-,"Saudi Arabia",-,SAU,609,42,0,0,0,0,0
2007,-,"Saudi Arabia",-,SAU,737,30,0,0,0,0,0
2008,-,"Saudi Arabia",-,SAU,700,33,0,0,0,0,0
2009,-,"Saudi Arabia",-,SAU,629,43,0,0,0,0,0
2010,-,"Saudi Arabia",-,SAU,659,75,0,0,0,0,0
2011,-,"Saudi Arabia",-,SAU,733,103,0,0,0,0,0
2012,-,"Saudi Arabia",-,SAU,811,141,0,0,0,0,0
2013,-,"Saudi Arabia",-,SAU,575,192,0,0,0,0,10
2014,-,"Saudi Arabia",-,SAU,616,380,0,0,0,0,12
2015,-,"Saudi Arabia",-,SAU,686,561,0,0,0,0,10
2016,-,"Saudi Arabia",-,SAU,937,987,0,0,0,0,9
2017,-,"Saudi Arabia",-,SAU,1219,1247,0,0,0,0,9
2018,-,"Saudi Arabia",-,SAU,1492,1436,0,0,0,0,10
2019,-,"Saudi Arabia",-,SAU,1721,1410,0,0,0,0,26
2020,-,"Saudi Arabia",-,SAU,2003,1249,0,0,0,0,26
2021,-,"Saudi Arabia",-,SAU,2167,1541,0,0,0,0,32
2024,-,"Saudi Arabia",-,SAU,2332,1539,0,0,0,0,20
2025,-,"Saudi Arabia",-,SAU,2424,1457,0,0,0,0,16
2023,-,"Saudi Arabia",-,SAU,2090,1640,0,0,0,0,27
2022,-,"Saudi Arabia",-,SAU,1942,2537,0,0,0,0,31
2000,-,Sudan,-,SDN,494351,19094,0,0,0,0,0
2001,-,Sudan,-,SDN,489931,19824,0,0,0,0,0
2002,-,Sudan,-,SDN,508863,13999,0,0,0,0,0
2003,-,Sudan,-,SDN,606230,6675,0,0,0,0,0
2004,-,Sudan,-,SDN,730631,11950,662302,0,0,0,0
2005,-,Sudan,-,SDN,693621,13461,841946,0,0,0,0
2006,-,Sudan,-,SDN,686296,16629,1325235,0,0,0,0
2007,-,Sudan,-,SDN,523029,19406,1250000,0,0,0,0
2008,-,Sudan,-,SDN,419249,18073,1201040,0,0,0,450
2009,-,Sudan,-,SDN,368178,16901,1034140,0,0,0,0
2010,-,Sudan,-,SDN,387265,23699,1624100,0,0,0,0
2011,-,Sudan,-,SDN,500004,31447,2422520,0,0,0,0
2012,-,Sudan,-,SDN,568934,21521,1873300,0,0,0,0
2013,-,Sudan,-,SDN,648936,28378,1873300,0,0,0,0
2014,-,Sudan,-,SDN,665956,36027,2192830,0,0,0,5
2015,-,Sudan,-,SDN,627080,42909,3218234,0,0,0,20
2016,-,Sudan,-,SDN,650391,50469,2225557,0,0,0,125
2017,-,Sudan,-,SDN,694556,52191,1997022,0,0,0,19
2018,-,Sudan,-,SDN,724787,67433,1864195,0,0,0,0
2019,-,Sudan,-,SDN,734780,72017,1885782,0,0,0,7
2020,-,Sudan,-,SDN,787823,70049,2552174,0,0,0,158
2021,-,Sudan,-,SDN,825290,75164,3036590,0,0,0,301
2024,-,Sudan,-,SDN,2094373,682535,11559970,0,0,32823,1782
2025,-,Sudan,-,SDN,2466231,829233,10065329,0,0,82724,1839
2023,-,Sudan,-,SDN,1496923,253902,9052822,0,0,21661,1981
2022,-,Sudan,-,SDN,837188,86838,3552717,0,0,0,2076
2000,-,"Syrian Arab Rep.",-,SYR,5868,3730,0,0,0,0,0
2001,-,"Syrian Arab Rep.",-,SYR,4861,3853,0,0,0,0,0
2002,-,"Syrian Arab Rep.",-,SYR,18908,4264,0,0,0,0,0
2003,-,"Syrian Arab Rep.",-,SYR,20816,3548,0,0,0,0,0
2004,-,"Syrian Arab Rep.",-,SYR,21430,3781,0,0,0,0,0
2005,-,"Syrian Arab Rep.",-,SYR,16395,6992,0,0,0,0,0
2006,-,"Syrian Arab Rep.",-,SYR,12327,7493,0,0,0,0,0
2007,-,"Syrian Arab Rep.",-,SYR,13684,6849,0,0,0,0,0
2008,-,"Syrian Arab Rep.",-,SYR,15206,5978,0,0,0,0,0
2009,-,"Syrian Arab Rep.",-,SYR,17915,5559,0,0,0,0,0
2010,-,"Syrian Arab Rep.",-,SYR,18451,9739,0,0,0,0,0
2011,-,"Syrian Arab Rep.",-,SYR,19931,14441,0,0,0,0,14110
2012,-,"Syrian Arab Rep.",-,SYR,729011,26016,2016500,0,0,0,6900
2013,-,"Syrian Arab Rep.",-,SYR,2468323,41019,6520800,0,0,0,9400
2014,-,"Syrian Arab Rep.",-,SYR,3887490,79649,7632500,0,0,0,1992
2015,-,"Syrian Arab Rep.",-,SYR,4873236,245857,6563462,0,0,0,8247
2016,-,"Syrian Arab Rep.",-,SYR,5524511,184337,6325978,0,0,0,8516
2017,-,"Syrian Arab Rep.",-,SYR,6310498,147179,6150005,0,0,0,8596
2018,-,"Syrian Arab Rep.",-,SYR,6654374,139576,6183920,0,0,0,8453
2019,-,"Syrian Arab Rep.",-,SYR,6615249,118450,6146994,0,0,0,7612
2020,-,"Syrian Arab Rep.",-,SYR,6702910,107085,6701972,0,0,0,7821
2021,-,"Syrian Arab Rep.",-,SYR,6848865,139754,6865308,0,0,0,3132
2024,-,"Syrian Arab Rep.",-,SYR,5952174,167334,7408909,0,0,16471143,3416
2025,-,"Syrian Arab Rep.",-,SYR,5484575,163310,6468575,0,0,16471143,4226
2023,-,"Syrian Arab Rep.",-,SYR,6355788,182954,7248188,0,0,16041461,6626
2022,-,"Syrian Arab Rep.",-,SYR,6559736,156616,6780994,0,0,15209720,3522
2000,-,Tunisia,-,TUN,1205,366,0,0,0,0,0
2001,-,Tunisia,-,TUN,1364,396,0,0,0,0,0
2002,-,Tunisia,-,TUN,2543,432,0,0,0,0,0
2003,-,Tunisia,-,TUN,2562,370,0,0,0,0,0
2004,-,Tunisia,-,TUN,2511,343,0,0,0,0,0
2005,-,Tunisia,-,TUN,3120,357,0,0,0,0,0
2006,-,Tunisia,-,TUN,2835,358,0,0,0,0,0
2007,-,Tunisia,-,TUN,2488,334,0,0,0,0,0
2008,-,Tunisia,-,TUN,2334,352,0,0,0,0,0
2009,-,Tunisia,-,TUN,2237,488,0,0,0,0,0
2010,-,Tunisia,-,TUN,2159,537,0,0,0,0,0
2011,-,Tunisia,-,TUN,1930,1598,0,0,0,0,0
2012,-,Tunisia,-,TUN,1918,2279,0,0,0,0,0
2013,-,Tunisia,-,TUN,1359,1785,0,0,0,0,5
2014,-,Tunisia,-,TUN,1476,1782,0,0,0,0,11
2015,-,Tunisia,-,TUN,1554,2329,0,0,0,0,7
2016,-,Tunisia,-,TUN,1687,2062,0,0,0,0,7
2017,-,Tunisia,-,TUN,1826,2330,0,0,0,0,7
2018,-,Tunisia,-,TUN,1985,2749,0,0,0,0,0
2019,-,Tunisia,-,TUN,2068,2668,0,0,0,0,14
2020,-,Tunisia,-,TUN,1636,2829,0,0,0,0,11
2021,-,Tunisia,-,TUN,2201,4012,0,0,0,0,9
2024,-,Tunisia,-,TUN,3593,11415,0,0,0,0,5
2025,-,Tunisia,-,TUN,3589,11045,0,0,0,0,32
2023,-,Tunisia,-,TUN,2800,9194,0,0,0,0,10
2022,-,Tunisia,-,TUN,2691,7923,0,0,0,0,39
2000,-,Türkiye,-,TUR,47154,10231,0,0,0,0,0
2001,-,Türkiye,-,TUR,47085,13326,0,0,0,0,0
2002,-,Türkiye,-,TUR,193697,12516,0,0,0,0,0
2003,-,Türkiye,-,TUR,185086,8527,0,0,0,0,0
2004,-,Türkiye,-,TUR,174572,5282,0,0,0,0,0
2005,-,Türkiye,-,TUR,170557,11310,0,0,0,0,0
2006,-,Türkiye,-,TUR,227236,12187,0,0,0,0,0
2007,-,Türkiye,-,TUR,221937,9172,0,0,0,0,0
2008,-,Türkiye,-,TUR,214365,8531,0,0,0,0,0
2009,-,Türkiye,-,TUR,146378,9273,0,0,0,0,0
2010,-,Türkiye,-,TUR,146785,7493,0,0,0,0,0
2011,-,Türkiye,-,TUR,139763,6885,0,0,0,0,0
2012,-,Türkiye,-,TUR,135353,8857,0,0,0,0,0
2013,-,Türkiye,-,TUR,66558,10552,0,0,0,0,10
2014,-,Türkiye,-,TUR,63882,11189,0,0,0,0,11
2015,-,Türkiye,-,TUR,59545,12073,0,0,0,0,12
2016,-,Türkiye,-,TUR,57915,23236,0,0,0,0,45
2017,-,Türkiye,-,TUR,61383,33801,0,0,0,0,10
2018,-,Türkiye,-,TUR,68900,42915,0,0,0,0,10
2019,-,Türkiye,-,TUR,83239,46941,0,0,0,0,57
2020,-,Türkiye,-,TUR,93730,44517,0,0,0,0,27
2021,-,Türkiye,-,TUR,105019,46327,0,0,0,0,122
2024,-,Türkiye,-,TUR,139640,158221,0,0,0,0,504
2025,-,Türkiye,-,TUR,145194,137177,0,0,0,0,1399
2023,-,Türkiye,-,TUR,127738,153142,0,0,0,0,467
2022,-,Türkiye,-,TUR,93537,82737,0,0,0,0,179
2000,-,"United Arab Emirates",-,ARE,17,8,0,0,0,0,0
2001,-,"United Arab Emirates",-,ARE,18,29,0,0,0,0,0
2002,-,"United Arab Emirates",-,ARE,29,36,0,0,0,0,0
2003,-,"United Arab Emirates",-,ARE,16,22,0,0,0,0,0
2004,-,"United Arab Emirates",-,ARE,69,5,0,0,0,0,0
2005,-,"United Arab Emirates",-,ARE,31,15,0,0,0,0,0
2006,-,"United Arab Emirates",-,ARE,260,10,0,0,0,0,0
2007,-,"United Arab Emirates",-,ARE,305,10,0,0,0,0,0
2008,-,"United Arab Emirates",-,ARE,255,8,0,0,0,0,0
2009,-,"United Arab Emirates",-,ARE,411,22,0,0,0,0,0
2010,-,"United Arab Emirates",-,ARE,418,24,0,0,0,0,0
2011,-,"United Arab Emirates",-,ARE,484,6,0,0,0,0,0
2012,-,"United Arab Emirates",-,ARE,580,13,0,0,0,0,0
2013,-,"United Arab Emirates",-,ARE,84,41,0,0,0,0,20
2014,-,"United Arab Emirates",-,ARE,84,68,0,0,0,0,0
2015,-,"United Arab Emirates",-,ARE,91,103,0,0,0,0,0
2016,-,"United Arab Emirates",-,ARE,103,160,0,0,0,0,0
2017,-,"United Arab Emirates",-,ARE,137,207,0,0,0,0,0
2018,-,"United Arab Emirates",-,ARE,169,272,0,0,0,0,0
2019,-,"United Arab Emirates",-,ARE,155,181,0,0,0,0,0
2020,-,"United Arab Emirates",-,ARE,181,181,0,0,0,0,0
2021,-,"United Arab Emirates",-,ARE,160,215,0,0,0,0,0
2024,-,"United Arab Emirates",-,ARE,261,159,0,0,0,0,0
2025,-,"United Arab Emirates",-,ARE,277,159,0,0,0,0,0
2023,-,"United Arab Emirates",-,ARE,229,171,0,0,0,0,0
2022,-,"United Arab Emirates",-,ARE,199,594,0,0,0,0,0
2000,-,Yemen,-,YEM,2104,848,0,0,0,0,0
2001,-,Yemen,-,YEM,1976,743,0,0,0,0,0
2002,-,Yemen,-,YEM,1595,633,0,0,0,0,0
2003,-,Yemen,-,YEM,1588,474,0,0,0,0,0
2004,-,Yemen,-,YEM,1599,338,0,0,0,0,0
2005,-,Yemen,-,YEM,1322,411,0,0,0,0,0
2006,-,Yemen,-,YEM,1364,351,0,0,0,0,0
2007,-,Yemen,-,YEM,1621,306,77000,0,0,0,0
2008,-,Yemen,-,YEM,1764,464,100000,0,0,0,0
2009,-,Yemen,-,YEM,1927,602,250000,0,0,0,0
2010,-,Yemen,-,YEM,2070,614,220994,0,0,0,0
2011,-,Yemen,-,YEM,2321,1152,347295,0,0,0,0
2012,-,Yemen,-,YEM,2582,1581,385320,0,0,0,0
2013,-,Yemen,-,YEM,2413,1868,306614,0,0,0,6
2014,-,Yemen,-,YEM,2623,2716,334093,0,0,0,13
2015,-,Yemen,-,YEM,15901,10056,2532032,0,0,0,12
2016,-,Yemen,-,YEM,18427,15870,2025060,0,0,0,5
2017,-,Yemen,-,YEM,23555,24629,2014062,0,0,0,10
2018,-,Yemen,-,YEM,31145,35876,2144719,0,0,0,0
2019,-,Yemen,-,YEM,36522,34328,3625716,0,0,0,49
2020,-,Yemen,-,YEM,32433,34870,4002012,0,0,0,28
2021,-,Yemen,-,YEM,37615,35462,4288739,0,0,0,23
2024,-,Yemen,-,YEM,51384,32810,4795983,0,0,0,21
2025,-,Yemen,-,YEM,53996,30553,4795983,0,0,0,27
2023,-,Yemen,-,YEM,48044,33521,4516341,0,0,0,24
2022,-,Yemen,-,YEM,40147,33524,4523022,0,0,0,28
